{"lr": 0.003963927855711423, "data_time": 0.044632391929626467, "loss": 2.0772684001922608, "loss_rpn_cls": 0.21766334339976312, "loss_rpn_bbox": 0.012887262990698218, "s0.loss_cls": 0.383821020424366, "s0.acc": 98.0712890625, "s0.loss_bbox": 0.04303878577426076, "s0.loss_mask": 0.6487126648426056, "s1.loss_cls": 0.16528395138680935, "s1.acc": 99.2919921875, "s1.loss_bbox": 0.010786181495059282, "s1.loss_mask": 0.3376454120874405, "s2.loss_cls": 0.08240316986106336, "s2.acc": 99.6337890625, "s2.loss_bbox": 0.0013273020427095616, "s2.loss_mask": 0.17369933038949967, "time": 2.9970130491256715, "epoch": 1, "iter": 50, "memory": 8875, "step": 50}
{"lr": 0.007967935871743487, "data_time": 0.02547086238861084, "loss": 1.263292236328125, "loss_rpn_cls": 0.04045967034995556, "loss_rpn_bbox": 0.00858844512142241, "s0.loss_cls": 0.1215990050137043, "s0.acc": 97.8759765625, "s0.loss_bbox": 0.05447638750076294, "s0.loss_mask": 0.5373384964466095, "s1.loss_cls": 0.030103644654154778, "s1.acc": 99.21875, "s1.loss_bbox": 0.014297160413116216, "s1.loss_mask": 0.2882503888010979, "s2.loss_cls": 0.008425648994743825, "s2.acc": 99.6826171875, "s2.loss_bbox": 0.0020161453954642638, "s2.loss_mask": 0.15773723840713502, "time": 2.7955474519729613, "epoch": 1, "iter": 100, "memory": 8827, "step": 100}
{"lr": 0.011971943887775548, "data_time": 0.025903749465942382, "loss": 1.1165523052215576, "loss_rpn_cls": 0.03541466243565083, "loss_rpn_bbox": 0.00985260671004653, "s0.loss_cls": 0.11991766363382339, "s0.acc": 98.1689453125, "s0.loss_bbox": 0.05250683888792992, "s0.loss_mask": 0.4394417607784271, "s1.loss_cls": 0.03916828870773315, "s1.acc": 98.9501953125, "s1.loss_bbox": 0.023859847243875264, "s1.loss_mask": 0.24418748408555985, "s2.loss_cls": 0.010627105077728629, "s2.acc": 99.609375, "s2.loss_bbox": 0.003700752818258479, "s2.loss_mask": 0.13787529557943345, "time": 2.8010301542282106, "epoch": 1, "iter": 150, "memory": 8938, "step": 150}
{"lr": 0.015975951903807607, "data_time": 0.025282711982727052, "loss": 0.948302413225174, "loss_rpn_cls": 0.02843757951632142, "loss_rpn_bbox": 0.009821669925004243, "s0.loss_cls": 0.11411843113601208, "s0.acc": 97.705078125, "s0.loss_bbox": 0.05011167474091053, "s0.loss_mask": 0.34701588124036786, "s1.loss_cls": 0.04812274370342493, "s1.acc": 97.509765625, "s1.loss_bbox": 0.03692088764160872, "s1.loss_mask": 0.1846384009718895, "s2.loss_cls": 0.014799170363694429, "s2.acc": 98.2666015625, "s2.loss_bbox": 0.008758174628019333, "s2.loss_mask": 0.10555780351161957, "time": 2.813104872703552, "epoch": 1, "iter": 200, "memory": 8937, "step": 200}
{"lr": 0.019979959919839665, "data_time": 0.029364728927612306, "loss": 0.8602918982505798, "loss_rpn_cls": 0.02334217995405197, "loss_rpn_bbox": 0.008135766219347716, "s0.loss_cls": 0.10645739868283272, "s0.acc": 97.900390625, "s0.loss_bbox": 0.048128272779285906, "s0.loss_mask": 0.3085914495587349, "s1.loss_cls": 0.05036724731326103, "s1.acc": 97.65625, "s1.loss_bbox": 0.04372809287160635, "s1.loss_mask": 0.15719118505716323, "s2.loss_cls": 0.018675480000674725, "s2.acc": 97.705078125, "s2.loss_bbox": 0.015001048939302564, "s2.loss_mask": 0.08067378588020802, "time": 2.8364659786224364, "epoch": 1, "iter": 250, "memory": 9154, "step": 250}
{"lr": 0.023983967935871698, "data_time": 0.02713191509246826, "loss": 0.8163854575157166, "loss_rpn_cls": 0.018712825905531645, "loss_rpn_bbox": 0.008610814716666937, "s0.loss_cls": 0.10336985573172569, "s0.acc": 97.0947265625, "s0.loss_bbox": 0.05289932820945978, "s0.loss_mask": 0.2680808752775192, "s1.loss_cls": 0.055041458159685135, "s1.acc": 97.0458984375, "s1.loss_bbox": 0.05558065917342901, "s1.loss_mask": 0.13603683799505234, "s2.loss_cls": 0.024471722450107335, "s2.acc": 96.6796875, "s2.loss_bbox": 0.02574335437268019, "s2.loss_mask": 0.06783772371709347, "time": 2.845849370956421, "epoch": 1, "iter": 300, "memory": 9799, "step": 300}
{"lr": 0.02798797595190376, "data_time": 0.027696895599365234, "loss": 0.7606100773811341, "loss_rpn_cls": 0.01868189126253128, "loss_rpn_bbox": 0.008046552380546928, "s0.loss_cls": 0.09406691908836365, "s0.acc": 97.1435546875, "s0.loss_bbox": 0.04934367373585701, "s0.loss_mask": 0.2465270507335663, "s1.loss_cls": 0.04948250517249107, "s1.acc": 97.3876953125, "s1.loss_bbox": 0.056402987465262414, "s1.loss_mask": 0.12296898737549782, "s2.loss_cls": 0.024236933700740336, "s2.acc": 97.2412109375, "s2.loss_bbox": 0.030832713935524225, "s2.loss_mask": 0.060019866153597834, "time": 2.870549035072327, "epoch": 1, "iter": 350, "memory": 10200, "step": 350}
