{"lr": 0.003963927855711423, "data_time": 0.044632391929626467, "loss": 2.0772684001922608, "loss_rpn_cls": 0.21766334339976312, "loss_rpn_bbox": 0.012887262990698218, "s0.loss_cls": 0.383821020424366, "s0.acc": 98.0712890625, "s0.loss_bbox": 0.04303878577426076, "s0.loss_mask": 0.6487126648426056, "s1.loss_cls": 0.16528395138680935, "s1.acc": 99.2919921875, "s1.loss_bbox": 0.010786181495059282, "s1.loss_mask": 0.3376454120874405, "s2.loss_cls": 0.08240316986106336, "s2.acc": 99.6337890625, "s2.loss_bbox": 0.0013273020427095616, "s2.loss_mask": 0.17369933038949967, "time": 2.9970130491256715, "epoch": 1, "iter": 50, "memory": 8875, "step": 50}
{"lr": 0.007967935871743487, "data_time": 0.02547086238861084, "loss": 1.263292236328125, "loss_rpn_cls": 0.04045967034995556, "loss_rpn_bbox": 0.00858844512142241, "s0.loss_cls": 0.1215990050137043, "s0.acc": 97.8759765625, "s0.loss_bbox": 0.05447638750076294, "s0.loss_mask": 0.5373384964466095, "s1.loss_cls": 0.030103644654154778, "s1.acc": 99.21875, "s1.loss_bbox": 0.014297160413116216, "s1.loss_mask": 0.2882503888010979, "s2.loss_cls": 0.008425648994743825, "s2.acc": 99.6826171875, "s2.loss_bbox": 0.0020161453954642638, "s2.loss_mask": 0.15773723840713502, "time": 2.7955474519729613, "epoch": 1, "iter": 100, "memory": 8827, "step": 100}
