{"lr": 0.0003999999999999991, "data_time": 0.0742575216293335, "loss": 0.24113607227802278, "loss_rpn_cls": 0.000702724372749799, "loss_rpn_bbox": 0.0016198756027733907, "s0.loss_cls": 0.014673241470009089, "s0.acc": 99.7314453125, "s0.loss_bbox": 0.011038564774207772, "s0.loss_mask": 0.09288603454828262, "s1.loss_cls": 0.0058147470373660325, "s1.acc": 99.7802734375, "s1.loss_bbox": 0.014729023836553097, "s1.loss_mask": 0.05384173355996609, "s2.loss_cls": 0.002940118998521939, "s2.acc": 99.9267578125, "s2.loss_bbox": 0.01439709567464888, "s2.loss_mask": 0.02849291294813156, "time": 0.9533174276351929, "epoch": 13, "iter": 7982, "memory": 11418, "step": 7982}
{"lr": 0.0003999999999999991, "data_time": 0.04043863773345947, "loss": 0.25350997656583785, "loss_rpn_cls": 0.0007457164296647534, "loss_rpn_bbox": 0.001715249193366617, "s0.loss_cls": 0.01680813778191805, "s0.acc": 99.6337890625, "s0.loss_bbox": 0.012578269466757774, "s0.loss_mask": 0.09416228517889977, "s1.loss_cls": 0.006370791574008763, "s1.acc": 99.6337890625, "s1.loss_bbox": 0.018285525254905222, "s1.loss_mask": 0.053951394259929654, "s2.loss_cls": 0.0035594990302342923, "s2.acc": 99.853515625, "s2.loss_bbox": 0.017129764375276864, "s2.loss_mask": 0.02820334430783987, "time": 0.8607362461090088, "epoch": 13, "iter": 8032, "memory": 11392, "step": 8032}
{"lr": 0.0003999999999999991, "data_time": 0.04024089336395264, "loss": 0.23926747113466262, "loss_rpn_cls": 0.000739235718629061, "loss_rpn_bbox": 0.001681581029552035, "s0.loss_cls": 0.014650597814470529, "s0.acc": 98.9501953125, "s0.loss_bbox": 0.010037419307045638, "s0.loss_mask": 0.09196457758545876, "s1.loss_cls": 0.0063566543720662595, "s1.acc": 98.92578125, "s1.loss_bbox": 0.014925437485799194, "s1.loss_mask": 0.05322606690227985, "s2.loss_cls": 0.003021439474541694, "s2.acc": 99.4873046875, "s2.loss_bbox": 0.014931865874677897, "s2.loss_mask": 0.027732597813010216, "time": 0.8615379858016968, "epoch": 13, "iter": 8082, "memory": 11775, "step": 8082}
{"lr": 0.0003999999999999991, "data_time": 0.03927535533905029, "loss": 0.23320558100938796, "loss_rpn_cls": 0.0007034389764885419, "loss_rpn_bbox": 0.0013392077630851418, "s0.loss_cls": 0.015531531451269984, "s0.acc": 99.5849609375, "s0.loss_bbox": 0.009089711271226406, "s0.loss_mask": 0.08951746441423893, "s1.loss_cls": 0.007172995018772781, "s1.acc": 99.755859375, "s1.loss_bbox": 0.013762788949534296, "s1.loss_mask": 0.051859594397246835, "s2.loss_cls": 0.0034556420450098813, "s2.acc": 99.7802734375, "s2.loss_bbox": 0.013698311196640134, "s2.loss_mask": 0.027074894793331625, "time": 0.8621707677841186, "epoch": 13, "iter": 8132, "memory": 11636, "step": 8132}
